,ME,LE1,LE2,ES,MS
gross_lb,0.156322783,0.120604726,0.137287349,0.147292482,0.303250529
gross_ub,0.198947387,0.171595323,0.167394275,0.197850984,0.353566807